time,Open,High,Low,Close,Volume,SMA_10,SMA_20,SMA_50,EMA_12,EMA_26,RSI,MACD,ADX,ATR,BB_upper,BB_middle,BB_lower,OBV,VWAP
2025-05-24 14:15:00,108725.04,108991.5,108725.04,108833.43,46.71723,108694.558,108742.107,108890.4344,108729.94396259128,108774.2457259482,53.57786453898465,8.09706189819076,20.099245292285477,132.5301784473366,108898.59172143973,108742.107,108585.62227856027,1442.207640000001,108759.42372523031
2025-05-24 14:20:00,108833.44,108874.53,108725.04,108734.92,23.02273,108690.228,108737.7675,108901.96479999999,108730.709506808,108771.3327092113,47.75789885322986,9.420498281445731,19.84600717623034,133.7415942725272,108889.9356506593,108737.7675,108585.5993493407,1419.184910000001,108754.08974709436
2025-05-24 14:25:00,108734.93,108741.34,108681.81,108700.01,28.64772,108688.746,108734.31850000001,108910.66540000001,108725.98650576061,108766.04954556603,45.85684924915817,7.984528703467667,19.21361278127742,128.44076611020375,108886.62647921014,108734.31850000001,108582.01052078987,1390.5371900000011,108752.35170826041
2025-05-24 14:30:00,108700.01,108859.93,108669.44,108859.93,55.38411,108706.254,108735.93500000001,108922.972,108746.59319718204,108773.00365330187,54.74399096829766,17.309689911243865,19.411866816412047,132.87285424518853,108892.78725653485,108735.93500000001,108579.08274346517,1445.921300000001,108750.56373534711
2025-05-24 14:35:00,108859.93,108902.92,108859.92,108890.47,15.44594,108731.37700000001,108741.62700000001,108932.9016,108768.72808992327,108781.70486416841,56.22182995507984,24.594697428751928,19.852354165302437,126.4533646562465,108911.68002574219,108741.62700000001,108571.57397425783,1461.3672400000012,108745.9859559424
2025-05-24 14:40:00,108890.47,108962.53,108831.14,108831.15,29.42297,108752.43999999999,108742.601,108938.1364,108778.33146070431,108785.3674668226,52.62701610119118,24.42837244448109,20.603143004473726,126.80598146651458,108914.4611349821,108742.601,108570.74086501788,1431.944270000001,108740.60552548342
2025-05-24 14:45:00,108831.15,108965.43,108831.15,108958.25,53.08773,108789.236,108755.19000000002,108943.101,108806.01123598056,108798.17358039129,58.71767978600463,31.441627321635163,21.317002314413696,127.33983993319202,108949.9765054876,108755.19000000002,108560.40349451243,1485.032000000001,108752.90263488557
2025-05-24 14:50:00,108958.25,108996.47,108889.29,108943.3,36.31819,108820.06099999999,108766.755,108942.7718,108827.13258429125,108808.92368554749,57.776728476564195,33.450296380895765,22.16455607675902,125.899851366536,108976.7806770494,108766.755,108556.7293229506,1448.713810000001,108764.63492342974
2025-05-24 14:55:00,108943.31,109036.81,108900.01,108959.09,55.21747,108843.55899999998,108773.9885,108937.80299999999,108847.43372516951,108820.04711624768,58.53257044224876,34.102405247176904,23.18808954725019,126.67843341178364,108999.4783022773,108773.9885,108548.49869772271,1503.9312800000012,108781.48045748661
2025-05-24 15:00:00,108959.1,108971.45,108868.33,108868.34,19.74379,108857.889,108778.60949999999,108931.0504,108850.65007514344,108823.624366896,52.69420633952162,26.993203658226616,23.746325349336594,124.99568816808448,109007.82540551061,108778.60949999999,108549.39359448937,1484.1874900000012,108784.56067511023
2025-05-24 15:05:00,108868.34,109212.76,108868.33,109085.8,43.50381,108883.126,108788.84199999999,108930.86659999998,108886.82698665984,108843.04478416295,62.37813060096932,34.999758326141325,25.48744162951432,140.6695675846494,109051.31372217982,108788.84199999999,108526.37027782016,1527.691300000001,108796.40183126518
2025-05-24 15:10:00,109085.8,109212.67,109076.0,109154.77,23.30927,108925.11099999999,108807.66949999999,108930.054,108928.04898871217,108866.13554089161,64.83675148717407,42.5048029198415,27.104192461107917,140.38388418574576,109114.64116119861,108807.66949999999,108500.69783880137,1551.000570000001,108806.2335611227
2025-05-24 15:15:00,109154.78,109154.78,109094.45,109117.37,17.73798,108966.847,108827.79650000001,108927.201,108957.17529814105,108884.74550082556,62.45331940466934,42.41692193182317,28.605461090444834,134.66574960104975,109159.56488555089,108827.79650000001,108496.02811444913,1533.262590000001,108827.90304962332
2025-05-24 15:20:00,109117.37,109135.73,108994.49,109008.69,45.23498,108981.723,108843.9885,108921.2276,108965.10063688859,108893.9265748385,56.009997914456,32.92894933314121,28.79588413347043,135.13533891525984,109177.87364416044,108843.9885,108510.10335583957,1488.027610000001,108844.94495672607
2025-05-24 15:25:00,109008.69,109042.39,108929.2,108953.04,25.9973,108987.98000000001,108859.6785,108915.0884,108963.24515429034,108898.30534707267,52.994984382298064,21.355755600574426,28.277984634308343,133.56781470702717,109182.92552840247,108859.6785,108536.43147159752,1462.030310000001,108859.54034704177
2025-05-24 15:30:00,108953.05,109038.35,108909.09,108933.98,31.79296,108998.26299999999,108875.35149999999,108908.655,108958.74282286105,108900.94791395617,51.96326275919007,11.368685830225886,27.588828358954753,133.2601136565259,109180.5905122691,108875.35149999999,108570.11248773088,1430.237350000001,108874.41702753292
2025-05-24 15:35:00,108933.99,108992.07,108899.21,108952.4,36.99352,108997.678,108893.45699999998,108900.9628,108957.76700395935,108904.75917958905,52.91724662407205,5.265281036520612,26.842705402687816,130.37439125248838,109170.57592862814,108893.45699999998,108616.33807137182,1467.230870000001,108901.24313703582
2025-05-24 15:40:00,108952.39,108952.4,108850.0,108890.74,40.17002,108992.42199999999,108906.2415,108890.74799999999,108947.45515719637,108903.7207218417,49.38188556127907,-3.2064863832937505,25.622839038222317,128.3762204487388,109156.81637450065,108906.2415,108655.66662549936,1427.060850000001,108913.81982629978
2025-05-24 15:45:00,108890.74,108936.55,108819.12,108828.29,49.52045,108979.34199999999,108911.45049999999,108879.4702,108929.12205608924,108898.13326096453,46.027827200306255,-12.761701290601124,24.170001017453426,127.5943475595437,109150.74141837972,108911.45049999999,108672.15958162026,1377.540400000001,108918.61759458196
2025-05-24 15:50:00,108828.3,108855.68,108826.9,108855.25,17.27621,108978.03300000001,108917.96099999998,108873.07459999999,108917.7571243832,108894.9567231153,47.679953321451805,-16.760076117925877,22.820937141025173,120.53617987671907,109143.28858711707,108917.96099999998,108692.63341288289,1394.816610000001,108921.07080678319
2025-05-24 15:55:00,108855.26,108929.89,108855.25,108929.7,30.83934,108962.423,108922.77449999998,108865.66880000001,108919.5944898627,108897.53029918084,52.04544033554389,-13.997029363170697,22.259441706272458,117.25788131409624,109144.76167354613,108922.77449999998,108700.78732645384,1425.655950000001,108925.23108374016
2025-05-24 16:00:00,108929.71,108976.97,108800.0,108842.46,26.46499,108931.192,108928.1515,108857.81480000001,108907.72764526843,108893.45101776005,47.08745297198316,-17.42767402931952,21.116341882869786,121.52303264880372,109136.46587264627,108928.1515,108719.83712735375,1399.190960000001,108928.17401522388
2025-05-24 16:05:00,108842.46,108853.21,108769.46,108798.62,35.57085,108899.317,108933.08200000001,108849.616,108890.94185368867,108886.42649792596,44.77892084297434,-21.751156619999257,19.72757285807824,118.82495888817489,109123.45955021011,108933.08200000001,108742.7044497899,1363.620110000001,108931.08923693624
2025-05-24 16:10:00,108798.62,108798.62,108700.0,108740.0,19.91671,108872.448,108927.0855,108839.65380000001,108867.72003004425,108875.58009067219,41.826093970098455,-27.301258408512588,18.892769531359214,117.38174753901922,109133.20601886944,108927.0855,108720.96498113056,1343.703400000001,108936.86608827487
2025-05-24 16:15:00,108740.0,108850.0,108682.36,108814.21,24.56583,108858.56499999999,108923.27249999999,108831.9884,108859.48771772976,108871.0341580298,46.62460770706415,-24.79011046449078,17.571797368327818,120.97162271480352,109134.71409750391,108923.27249999999,108711.83090249608,1368.269230000001,108932.35424987247
2025-05-24 16:20:00,108814.21,108875.9,108801.98,108870.64,9.70369,108852.231,108925.247,108830.89899999999,108861.20345346365,108871.00496113871,50.00186846798648,-18.436142271610958,16.55331515825709,117.61079252088885,109133.9302038378,108925.247,108716.56379616221,1377.972920000001,108933.73126162736
2025-05-24 16:25:00,108870.65,108870.65,108714.74,108773.55,21.70077,108834.34599999999,108916.01200000002,108831.82220000001,108847.71830677694,108863.78607512843,44.754848254072776,-19.761922358436923,16.006998604564732,120.34645019796743,109134.16812534152,108916.01200000002,108697.85587465852,1356.2721500000011,108929.84192504943
2025-05-24 16:30:00,108773.55,108806.45,108700.0,108806.45,20.89759,108825.91699999999,108909.1695,108830.14779999999,108841.36933650356,108859.53895845225,46.792389187824,-17.491020764506473,15.63677069899253,119.35384661239812,109132.00723284393,108909.1695,108686.33176715608,1377.1697400000012,108923.46992830434
2025-05-24 16:35:00,108806.45,108831.22,108764.25,108796.52,12.42725,108822.73999999999,108901.04100000001,108829.45240000001,108834.46943857994,108854.87088745578,46.23808262292986,-15.778278153324447,15.002295945757494,115.6121432829412,109127.82710150542,108901.04100000001,108674.2548984946,1364.7424900000012,108916.46281541363
2025-05-24 16:40:00,108796.52,108860.0,108784.57,108860.0,15.76648,108823.215,108900.624,108829.14439999999,108838.39721725995,108855.25082171832,50.29198749559396,-9.784346988686785,14.078157533953176,112.74199019130205,109127.67959217077,108900.624,108673.56840782923,1380.5089700000012,108914.61523318602
2025-05-24 16:45:00,108860.0,109057.98,108804.93,109044.38,50.00354,108834.683,108898.553,108832.8892,108870.08687614303,108869.26039047992,59.778713155078044,6.316594506241229,14.715170333509535,122.76399089192354,109119.48786163126,108898.553,108677.61813836874,1430.5125100000012,108908.48017635675
2025-05-24 16:50:00,109044.38,109096.13,109035.62,109035.63,41.18156,108854.0,108892.59599999999,108837.1676,108895.55504904411,108881.58406525919,59.20128230601958,15.568874102439608,15.573353726327065,118.31727725678681,109090.83540137124,108892.59599999999,108694.35659862874,1389.3309500000012,108909.33053664531
2025-05-24 16:55:00,109035.62,109063.81,108969.76,108997.67,11.93767,108873.905,108886.611,108841.74119999999,108911.26504149886,108890.18302338815,56.64494919041151,18.143926742583414,15.621768326603137,116.58390030987367,109063.41320088007,108886.611,108709.80879911994,1377.3932800000011,108904.80702534372
2025-05-24 17:00:00,108997.68,109067.86,108997.68,109048.0,23.79697,108904.705,108888.5765,108846.1492,108932.30118896058,108901.87316980385,59.162787473871795,21.991942230887354,15.69930248827716,113.27005028774,109071.53056770834,108888.5765,108705.62243229165,1401.1902500000012,108898.88844887831
2025-05-24 17:05:00,109048.0,109114.29,109040.0,109114.29,18.85493,108934.71299999999,108896.63900000001,108852.9024,108960.29946758204,108917.60774981837,62.27072556050841,27.404512670251066,16.146113992672902,110.4857609814724,109102.96491576443,108896.63900000001,108690.31308423559,1420.0451800000012,108901.89000207893
2025-05-24 17:10:00,109114.28,109200.0,108992.99,109120.1,38.3008,108959.65900000001,108905.94499999999,108859.071,108984.8841648771,108932.60717575776,62.539816432681775,29.591827220746026,17.18149095955896,117.38034948279542,109133.83109132638,108905.94499999999,108678.0589086736,1458.3459800000012,108912.68404853065
2025-05-24 17:15:00,109120.1,109120.1,108900.0,108904.77,50.51979,108972.781,108903.5635,108863.037,108972.55890874217,108930.54516273866,48.68182086357122,15.462867283923412,17.069033936219025,124.71746737688188,109130.45124134145,108903.5635,108676.67575865856,1407.8261900000011,108915.97942452072
2025-05-24 17:20:00,108904.76,108978.02,108882.35,108907.73,30.81345,108982.90900000001,108904.41299999999,108866.95159999999,108962.58523047414,108928.85515068396,48.8496103005726,5.743360856483111,16.774827871413844,122.64264827853306,109131.22954279179,108904.41299999999,108677.59645720819,1438.6396400000012,108917.68984756111
2025-05-24 17:25:00,108907.72,108956.31,108907.72,108956.31,7.71655,108998.888,108910.81399999998,108869.7894,108961.6198104012,108930.88884322588,51.64404415151164,2.1953985932928504,16.50163652552332,117.35317340149473,109135.89525283109,108910.81399999998,108685.73274716888,1446.3561900000013,108923.52253458193
2025-05-24 17:30:00,108956.3,108956.31,108913.29,108947.22,6.51258,109007.61000000002,108915.4125,108873.21539999999,108959.40445495486,108932.09855854248,51.08170114974123,-0.9837377357176145,16.247958847196408,112.04366101567396,109139.52094097226,108915.4125,108691.30405902775,1439.8436100000013,108926.41842830612
2025-05-24 17:35:00,108947.22,109050.02,108940.28,109009.21,19.52914,109004.09300000002,108919.38799999999,108875.7766,108967.06684650027,108937.81051716897,54.70399275251582,0.7733561465636356,16.83469818426713,111.87911380026905,109147.16012863739,108919.38799999999,108691.61587136259,1459.3727500000014,108930.72951699437
2025-05-24 17:40:00,109009.21,109030.38,108965.66,108965.66,13.80776,108997.09599999999,108925.548,108879.52539999998,108966.85040857716,108939.87344182312,51.80191474307984,-1.2048051445579375,17.37952756868994,108.51060567167849,109151.32000079728,108925.548,108699.77599920271,1445.5649900000014,108935.59560476978
2025-05-24 17:45:00,108965.66,109074.51,108920.99,109060.0,21.30832,109003.329,108938.617,108886.4288,108981.1811149499,108948.77170539179,57.110006621825534,3.3821101276103605,17.27974696433405,111.725562409415,109163.74613166448,108938.617,108713.48786833552,1466.8733100000015,108949.39465278771
2025-05-24 17:50:00,109059.99,109069.15,108982.77,109069.15,13.92726,109005.44399999999,108955.07449999999,108894.11480000001,108994.71478957299,108957.6886161035,57.59776784487789,6.399099231184344,17.187093546003577,109.91516509445607,109167.48391358372,108955.07449999999,108742.66508641625,1480.8005700000015,108961.1176108197
2025-05-24 17:55:00,109069.14,109069.15,108920.03,108920.03,13.01157,108986.018,108960.3655,108899.73059999998,108983.22482194638,108954.89908898472,48.0143241383871,-1.8410730213074977,16.273497223120025,112.71551044485173,109163.54729588484,108960.3655,108757.18370411516,1467.7890000000016,108971.32243852828
2025-05-24 18:00:00,108920.03,108951.97,108916.01,108951.97,11.45421,108969.205,108964.432,108906.35960000001,108978.41638780078,108954.68211943029,49.93576587526892,-5.1460300899811315,15.374109973715566,107.23297398450563,109163.48139161922,108964.432,108765.38260838078,1479.2432100000017,108973.17848550911
2025-05-24 18:05:00,108951.96,109076.2,108951.96,109013.25,18.34623,108980.053,108976.41699999999,108914.81880000001,108983.7754050622,108959.02048095397,53.48781372395774,-3.3002994817939424,15.815537317852275,108.44776155704028,109155.95961679048,108976.41699999999,108796.87438320949,1497.5894400000018,108984.08573751159
2025-05-24 18:10:00,109013.26,109049.54,109007.04,109035.5,7.54404,108992.83,108987.8695,108922.82780000001,108991.73303505263,108964.68563051295,54.74335087425534,-0.806255240272403,16.22543413740779,103.73720716010884,109151.06054196913,108987.8695,108824.67845803087,1505.1334800000018,108995.34565738431
2025-05-24 18:15:00,109035.51,109035.51,108973.71,108991.09,15.27284,108996.308,108997.598,108928.1674,108991.63410658299,108966.64150973421,51.74118537864212,-2.2888503449407622,16.132128258227638,100.74169236295737,109135.19120268081,108997.598,108860.00479731918,1489.8606400000017,109001.24281694423
2025-05-24 18:20:00,108991.1,109066.01,108991.09,109045.46,9.042,109006.13200000001,109006.871,108934.5758,108999.91501326254,108972.47991642056,54.99524074480611,0.12291971860287987,16.355704099811003,98.89728576560314,109130.40013662759,109006.871,108883.3418633724,1498.9026400000016,109008.15067222543
2025-05-24 18:25:00,109045.45,109052.98,109004.73,109011.05,5.23327,109006.31599999999,109005.20449999999,108938.1282,109001.62808814523,108975.33695964866,52.578838136495804,-0.8168389014442674,16.563310238424133,95.27962249663149,109127.55827598978,109005.20449999999,108882.8507240102,1493.6693700000017,109013.51981179349
2025-05-24 18:30:00,109011.05,109011.05,108922.67,108982.64,19.96826,109008.014,109002.55500000001,108943.0826,108998.70684381519,108975.87792560061,50.60194741194712,-3.423239346743319,15.585647634043596,94.786792318301,109124.45272852668,109002.55500000001,108880.65727147333,1473.7011100000016,109006.32567128434
2025-05-24 18:35:00,108982.64,108982.64,108916.95,108940.0,15.52023,108996.014,108999.67150000001,108947.88239999999,108989.67502168978,108973.22030148206,47.70295167503731,-7.8379498828818015,14.6028021676595,92.70845000985109,109124.58607437371,108999.67150000001,108874.75692562631,1458.1808800000015,109003.6158421954
2025-05-24 18:40:00,108939.99,108940.0,108880.02,108913.48,19.03418,108980.447,108992.9455,108948.9534,108977.95271066058,108968.79509396486,45.94010970858788,-12.108042715904652,13.911370457368019,90.37070358057572,109121.16936961471,108992.9455,108864.72163038529,1439.1467000000014,108996.37896236179
2025-05-24 18:45:00,108913.48,108913.48,108808.2,108808.2,19.39484,108969.26400000001,108977.64100000002,108947.308,108951.8369090205,108956.89916107857,39.6723405668394,-21.062329175766838,14.097085601845867,91.43565332482024,109116.87365520697,108977.64100000002,108838.40834479306,1419.7518600000014,108983.11505321425
2025-05-24 18:50:00,108808.21,108839.09,108781.54,108839.09,14.87039,108957.976,108963.5905,108947.4668,108934.49123070965,108948.17255655423,42.1655804225626,-23.74512236981051,14.546607107336168,89.0152495159047,109099.15018670291,108963.5905,108828.0308132971,1434.6222500000015,108961.8701409972
2025-05-24 18:55:00,108839.09,108839.09,108782.47,108827.01,14.32566,108939.352,108959.70249999998,108944.84199999999,108917.95565675432,108939.19755236502,41.44423150414719,-25.044553708746875,14.964019933862877,86.70130312191118,109105.83544917639,108959.70249999998,108813.56955082358,1420.2965900000015,108952.60584897482
2025-05-24 19:00:00,108827.0,108924.03,108800.49,108896.0,39.81878,108925.402,108959.116,108943.896,108914.5778634075,108935.9977336713,47.018820099459646,-20.178022689485612,14.091619186669988,89.33263861320279,109106.16985563116,108959.116,108812.06214436883,1460.1153700000016,108945.31575496001
2025-05-24 19:05:00,108896.01,108933.57,108850.15,108873.38,34.20813,108913.63100000001,108954.9695,108942.18179999999,108908.23973057557,108931.35938302899,45.48968040724213,-17.502243903274493,13.153726224388354,88.91030728368922,109106.70815762882,108954.9695,108803.2308423712,1425.9072400000016,108939.2964233275
2025-05-24 19:10:00,108873.38,108932.05,108839.08,108851.49,22.58451,108894.23400000001,108950.183,108941.8448,108899.50900279472,108925.44313243424,43.99843038607997,-16.253376871508888,12.433489738732575,89.20028533485436,109108.49461777961,108950.183,108791.8713822204,1403.3227300000017,108935.08133947814
2025-05-24 19:15:00,108851.48,108900.0,108851.48,108866.15,19.29346,108879.74399999999,108943.03,108937.45180000001,108894.3768485186,108921.05104855023,45.29191708087445,-13.59475781088806,11.764698716337923,86.29455066807934,109102.94678573558,108943.03,108783.11321426442,1422.6161900000018,108927.97952264389
2025-05-24 19:20:00,108866.14,108890.79,108825.34,108846.01,21.84321,108866.081,108937.04750000002,108931.2766,108886.93579490035,108915.49245236133,43.79533747502246,-12.381772192193615,11.525243436012898,84.80565419178775,109102.00316020906,108937.04750000002,108772.09183979097,1400.7729800000018,108921.14501759857
2025-05-24 19:25:00,108846.01,108873.15,108800.0,108862.67,29.62632,108858.348,108927.18100000001,108926.1826,108883.20259568491,108911.57967811235,45.402472295659145,-9.761757726919612,11.658802328586864,83.9731074638025,109084.99075127035,108927.18100000001,108769.37124872967,1430.3993000000019,108909.28105966983
2025-05-24 19:30:00,108862.67,108924.87,108846.91,108868.01,22.24521,108853.801,108917.124,108923.369,108880.86527327185,108908.35229454847,45.93609989289069,-7.097357260884255,10.917697945009293,83.54359978781602,109062.61814646648,108917.124,108771.62985353351,1452.644510000002,108902.62996951237
2025-05-24 19:35:00,108868.01,108913.5,108829.23,108913.5,22.21611,108864.331,108916.79749999999,108922.5782,108885.8860004608,108908.73360606341,50.38485906817475,-1.9663532694966577,10.496297264448625,83.59548551725803,109062.2934035678,108916.79749999999,108771.30159643217,1474.860620000002,108899.3413720846
2025-05-24 19:40:00,108913.5,109019.6,108864.56,108864.76,28.50231,108866.898,108912.43699999999,108921.1938,108882.63584654375,108905.47630191057,46.01575537810071,-1.5673624269656479,10.861890567556655,88.69866512316875,109058.68050051888,108912.43699999999,108766.1934994811,1446.358310000002,108899.38656882399
2025-05-24 19:45:00,108864.77,108864.77,108812.0,108840.01,20.91877,108868.198,108903.775,108918.94600000001,108876.07802399856,108900.6269462135,43.93245387521013,-2.620663420061419,10.417918410381445,86.13233190008556,109045.56189057886,108903.775,108761.98810942113,1425.439540000002,108891.00754737761
2025-05-24 19:50:00,108840.01,108930.2,108840.0,108908.74,15.38262,108869.472,108897.43699999999,108919.306,108881.1029433834,108901.22791316065,50.618449898780774,1.442631214102768,10.774166615750513,86.42287962150782,109025.80162317953,108897.43699999999,108769.07237682045,1440.822160000002,108888.5070564981
2025-05-24 19:55:00,108908.75,108971.79,108908.74,108960.0,20.67374,108878.134,108895.88249999999,108921.9402,108893.24095209365,108905.58140107467,54.93476504249266,7.381721608261145,11.538218113423188,84.75338821997072,109020.367276238,108895.88249999999,108771.39772376198,1461.495900000002,108887.30531871809
2025-05-24 20:00:00,108960.0,108970.45,108897.8,108900.95,29.21809,108883.08,108888.65699999998,108922.8542,108894.42695946386,108905.23833432839,49.560600370211496,7.128636579803775,12.07497232724951,83.8888604899724,108992.6669914625,108888.65699999998,108784.64700853746,1432.2778100000019,108886.65404915133
2025-05-24 20:05:00,108900.94,108916.69,108880.75,108893.12,16.63845,108885.777,108882.7605,108922.1226,108894.22588877712,108904.34067993368,48.877787372385285,6.260176230212956,12.298449509247964,80.46394188354597,108970.43591194107,108882.7605,108795.08508805894,1415.639360000002,108885.43640047565
2025-05-24 20:10:00,108893.11,109017.8,108893.11,108988.92,21.85339,108900.068,108883.07449999999,108925.0518,108908.79421358064,108910.6058147534,56.732272736506935,11.650692971206498,13.542551594338438,83.62294603472142,108972.21129632472,108883.07449999999,108793.93770367526,1437.492750000002,108885.53234136543
2025-05-24 20:15:00,108988.91,109059.69,108954.54,108954.54,27.438,108909.25499999998,108883.80149999999,108928.1702,108915.83202687593,108913.86019884575,53.552383835055636,12.347297739320245,15.053936847897388,85.16059274652766,108974.9969788958,108883.80149999999,108792.60602110418,1410.0547500000018,108889.68033900278
2025-05-24 20:20:00,108954.55,109022.83,108943.36,109000.03,18.63846,108922.45699999998,108888.129,108933.3708,108928.7855612027,108920.2431470794,56.98771806343371,15.134307065963313,16.26510261493691,84.75412183606147,108991.89487356175,108888.129,108784.36312643826,1428.6932100000017,108892.8071059409
2025-05-24 20:25:00,109000.03,109000.03,108991.43,108991.44,13.44708,108930.251,108897.291,108936.9154,108938.42470563305,108925.51698803648,56.143284870092195,15.599688431375501,17.38975654147361,79.31454170491465,109003.53831091199,108897.291,108791.04368908801,1415.2461300000018,108897.93136428071
2025-05-24 20:30:00,108991.44,109095.24,108984.7,109092.66,19.67966,108953.04100000001,108909.96949999998,108941.3558,108962.15321245874,108937.89795188562,63.08470357814545,21.55778512634287,19.234559418060268,81.54493158313561,109042.64146983167,108909.96949999998,108777.29753016829,1434.9257900000018,108907.31126131449
2025-05-24 20:35:00,109092.66,109125.0,109078.91,109095.84,16.05896,108978.624,108923.411,108947.80159999998,108982.72041054201,108949.59736285705,63.281331206181406,24.340457790547582,21.160801567811887,79.01243647005424,109073.11827676372,108923.411,108773.70372323626,1450.984750000002,108916.8671065499
2025-05-24 20:40:00,109095.84,109095.85,108956.14,108956.15,18.01858,108983.36499999999,108926.4185,108950.79560000001,108978.632655074,108950.08274338616,50.54511905219024,15.813857434749654,20.972327604360483,83.34797672219368,109076.21898174493,108926.4185,108776.61801825507,1432.966170000002,108924.33232536809
2025-05-24 20:45:00,108956.15,108956.15,108916.79,108916.79,11.62643,108979.044,108928.58899999999,108953.201,108969.11840044725,108947.61661424645,47.63591839776027,7.012585558156708,20.278007059820855,80.20597838489417,109076.49865200421,108928.58899999999,108780.67934799577,1421.339740000002,108927.66576333807
2025-05-24 20:50:00,108916.8,108916.8,108896.27,108907.95,16.68077,108979.74399999999,108931.41200000001,108954.16,108959.70787730152,108944.6783465245,46.98187486568175,0.43226410751183764,19.36864914190931,75.94340850025878,109075.43189565338,108931.41200000001,108787.39210434664,1404.658970000002,108929.77000397952
2025-05-24 20:55:00,108907.95,108910.14,108863.63,108863.63,11.14102,108976.795,108931.286,108950.545,108944.92666540899,108938.67476530046,43.7393966244135,-6.676293248788367,18.109676377188958,73.84102217881136,109075.53828253309,108931.286,108787.0337174669,1393.517950000002,108931.1136897076
2025-05-24 21:00:00,108863.63,108863.64,108835.57,108835.58,9.11608,108961.46100000001,108930.7645,108946.54400000001,108928.1041014999,108931.03811601894,41.77434409840728,-12.689766301084614,17.037446907818016,70.57166345175287,109076.31573365678,108930.7645,108785.21326634323,1384.401870000002,108933.42077657781
2025-05-24 21:05:00,108835.58,108835.58,108743.76,108743.77,12.61373,108940.384,108924.81950000001,108941.466,108899.74500896146,108917.16640372125,36.06337796717804,-21.741717233469952,17.035706746304346,72.08940177662816,109089.4700570565,108924.81950000001,108760.16894294352,1371.788140000002,108935.0473518921
2025-05-24 21:10:00,108743.76,108839.09,108743.76,108826.32,43.02627,108923.01299999999,108922.73499999999,108937.0324,108888.44885373663,108910.43704048263,43.53767686922999,-21.046807375749673,16.984967429472864,73.74944450686914,109091.22058341891,108922.73499999999,108754.24941658106,1414.814410000002,108923.71342492342
2025-05-24 21:15:00,108826.32,108860.45,108776.75,108776.76,10.70076,108901.545,108915.898,108930.2818,108871.26595316175,108900.53503748392,40.478241292811596,-22.662163961526275,16.6296799619859,74.46019847066398,109096.02322484099,108915.898,108735.77277515901,1404.113650000002,108922.6040643352
2025-05-24 21:20:00,108776.76,108776.76,108580.11,108693.3,55.96934,108861.60900000001,108907.325,108921.7458,108843.88657575226,108885.18429396658,35.90277047781058,-27.752638282947267,17.989471786109824,83.1880414370447,109111.13389632208,108907.325,108703.51610367792,1348.144310000002,108890.2951991135
2025-05-24 21:25:00,108693.3,108703.87,108693.29,108703.87,8.71337,108822.41200000001,108900.518,108917.7278,108822.34556409807,108871.75360552462,36.875944125937124,-28.690369196138548,19.252135622796324,78.00175276297021,109121.25596860537,108900.518,108679.78003139462,1356.857680000002,108888.83149907195
2025-05-24 21:30:00,108703.86,108749.11,108703.86,108749.11,16.17252,108801.70800000001,108892.5365,108914.55540000001,108811.07855423682,108862.66889400428,41.00453637454124,-24.698134029636783,19.77599324466457,75.66234185132949,109122.84453210272,108892.5365,108662.22846789728,1373.030200000002,108882.37140974804
2025-05-24 21:35:00,108749.11,108863.62,108710.12,108806.94,31.59551,108790.723,108884.8835,108911.56799999998,108810.441853585,108858.54082778173,45.87757263459166,-16.96541476713301,18.867277530799576,81.22217457623454,109115.88697056058,108884.8835,108653.88002943942,1404.625710000002,108872.23561116918
2025-05-24 21:40:00,108806.94,108841.45,108762.04,108809.11,19.47919,108780.839,108880.2915,108908.8058,108810.23695303347,108854.8792849831,46.057626438817444,-10.807018016017828,18.023470082210654,81.09273353507517,109113.47588140458,108880.2915,108647.10711859544,1424.104900000002,108865.18490475374
2025-05-24 21:45:00,108809.12,108809.12,108722.17,108722.18,15.35424,108766.69399999999,108871.7445,108903.0652,108796.68972948987,108845.04970831767,40.2769781787764,-11.619731915361129,17.629328605762815,81.51110971114102,109114.74591172232,108871.7445,108628.74308827768,1408.7506600000022,108859.45221765507
2025-05-24 21:50:00,108722.17,108841.22,108722.17,108812.12,21.07589,108764.348,108862.90449999999,108899.9944,108799.06361726065,108842.61047066451,47.60420021612672,-5.445285193135682,16.87444450353016,84.1924590174883,109101.0265282524,108862.90449999999,108624.78247174757,1429.8265500000023,108849.95314301076
2025-05-24 21:55:00,108812.11,108863.63,108800.0,108818.18,16.30882,108771.78900000002,108856.0865,108895.15800000001,108802.00459922056,108840.80080617084,48.06652733270508,-0.5557109916416536,15.905013474852767,82.7237119448109,109091.11161153289,108856.0865,108621.06138846712,1446.1353700000022,108839.05249548698
2025-05-24 22:00:00,108818.18,108818.19,108683.47,108730.78,24.14778,108762.23499999999,108842.624,108888.39059999998,108791.04696857125,108832.65111682485,42.27304230742084,-2.6909218359745353,16.139602660171366,86.43773252018163,109073.94249250775,108842.624,108611.30550749224,1421.9875900000022,108826.05333544019
2025-05-24 22:05:00,108730.78,108730.79,108605.08,108702.4,25.08738,108754.799,108828.17199999999,108884.038,108777.40897340645,108823.00288594894,40.56335513336514,-5.344548899885808,16.971383972098014,89.24289448302521,109056.59292159883,108828.17199999999,108599.75107840115,1396.9002100000023,108811.29554538097
2025-05-24 22:10:00,108702.39,108719.98,108646.55,108719.98,14.91021,108757.46699999999,108809.53799999999,108879.39819999998,108768.57374672852,108815.37156106383,42.12483557995801,-5.238760554163214,17.743752333172758,88.1134020199515,109007.37008775138,108809.53799999999,108611.7059122486,1411.8104200000023,108794.7736394281
2025-05-24 22:15:00,108719.98,108746.75,108719.97,108726.34,11.98075,108759.71399999999,108791.063,108873.66,108762.07624723183,108808.77663061465,42.71120976700812,-4.113063681338602,18.09199251723816,83.73244473281203,108941.93661215296,108791.063,108640.18938784703,1423.7911700000022,108780.3874877227
2025-05-24 22:20:00,108726.35,108726.35,108417.29,108513.35,97.87011,108736.138,108768.923,108863.21699999999,108723.81067073463,108786.89317649504,31.28108067000366,-16.396148847141703,20.238516913779957,99.82727010904061,108944.35471607237,108768.923,108593.49128392762,1325.9210600000022,108724.79697735557
2025-05-24 22:25:00,108513.73,108531.09,108350.1,108514.81,92.84322,108706.925,108748.824,108853.69139999998,108691.65672139084,108766.73886712504,31.416570527621957,-22.716631056742592,22.502449273693973,105.6246079583942,108942.99444372435,108748.824,108554.65355627563,1418.7642800000021,108677.07744843257
2025-05-24 22:30:00,108514.81,108519.16,108403.73,108519.16,34.80619,108677.93000000001,108729.3845,108843.1654,108665.1187642538,108748.39969178244,31.847724025303336,-24.73233028095119,24.604672179328418,106.32499310422372,108933.53022829017,108729.3845,108525.23877170983,1453.5704700000022,108658.45134143403
2025-05-24 22:35:00,108519.16,108545.3,108500.0,108530.44,21.41456,108658.75600000001,108712.725,108833.55320000001,108644.3989543686,108732.25452942819,33.02354019935312,-23.445582249514914,26.210265738313613,101.9660650253508,108924.56629573843,108712.725,108500.88370426158,1474.985030000002,108649.34422515544
2025-05-24 22:40:00,108530.45,108579.99,108093.27,108244.62,161.1279,108602.00599999998,108683.177,108818.79280000001,108582.89449985036,108696.13345317425,22.45292621226166,-39.06316841105598,29.018504084220435,129.44848895211155,108969.8653069889,108683.177,108396.4886930111,1313.8571300000021,108571.6620567326
2025-05-24 22:45:00,108244.62,108312.0,108209.87,108285.72,29.94711,108548.76000000001,108660.27450000001,108805.7072,108537.17534602722,108665.73245664281,26.115318661021618,-43.50506056221215,31.626153976848205,127.49716831267533,108993.36937894471,108660.27450000001,108327.17962105531,1343.8042400000022,108556.22765506597
2025-05-24 22:50:00,108285.72,108324.85,108274.97,108295.73,34.58881,108505.255,108633.745,108793.35220000001,108500.02990817686,108638.32486726186,27.01935132729743,-42.59432722529405,33.898463007517584,121.95308486177028,108993.19076472703,108633.745,108274.29923527296,1378.3930500000022,108529.97551886362
2025-05-24 22:55:00,108295.72,108333.34,107977.67,108100.5,117.45576,108445.06500000002,108599.932,108779.1982,108438.56376845734,108598.48598820543,21.49517164148544,-51.3772703107,36.6327812208421,138.64715022878656,109021.1295425667,108599.932,108178.7344574333,1260.9372900000021,108472.29601082951
2025-05-24 23:00:00,108100.5,108117.74,107772.72,107959.22,201.06508,108368.98899999999,108563.228,108761.6008,108364.81857331005,108551.13295204207,18.540946474435074,-62.21554343570409,39.471320417764865,153.38806806958777,109065.59986635426,108563.228,108060.85613364575,1059.872210000002,108354.96844977808
2025-05-24 23:05:00,107959.22,107959.22,107671.77,107720.01,160.86124,108268.356,108514.035,108739.4608,108265.61725433927,108489.56828892784,14.825607094780452,-79.88175943380296,42.232053422675854,162.9639203503313,109131.24239770378,108514.035,107896.82760229622,899.0109700000021,108272.30114604766
2025-05-24 23:10:00,107720.01,108066.31,107720.0,108065.2,68.90809,108223.541,108479.8395,108722.8448,108234.78383059477,108458.13360085912,35.05120066108721,-63.42439608767128,43.803420300971034,176.06006889673606,109116.63315827504,108479.8395,107843.04584172496,967.9190600000021,108247.61672679149
2025-05-24 23:15:00,108065.2,108300.0,108058.0,108240.01,64.27219,108196.06099999999,108451.49299999999,108710.1774,108235.5878566571,108441.97629709178,42.49797386103435,-37.17045300639671,43.445691407753586,180.7700639755406,109077.90880229454,108451.49299999999,107825.07719770544,1032.1912500000021,108231.1170536929
2025-05-24 23:20:00,108240.01,108396.97,107849.75,107910.46,223.82668,108135.19100000002,108406.56049999999,108691.3568,108185.56818640216,108402.60471952942,34.47341699046723,-38.25483655918691,43.679229234478534,206.9450594058592,109052.53758691512,108406.56049999999,107760.58341308487,808.3645700000021,108195.5317999906
2025-05-24 23:25:00,107910.46,108058.38,107832.74,108008.13,190.01781,108082.96,108370.85800000001,108674.19639999999,108158.27000387874,108373.38436993465,38.19801829029114,-29.066135590261865,43.9389212748016,208.28041230544065,109022.02154451427,108370.85800000001,107719.69445548575,998.3823800000021,108163.24240442085
2025-05-24 23:30:00,108008.13,108142.86,107972.12,108115.99,202.96938,108070.097,108336.05150000002,108659.59599999999,108151.76538789741,108354.31812030985,42.111290414227284,-13.203601557440379,43.58262201851398,205.59895428362384,108963.1217519586,108336.05150000002,107708.98124804143,1201.351760000002,108146.10317954248
2025-05-24 23:35:00,108115.98,108181.82,107966.24,107966.25,99.64441,108038.15,108293.455,108641.6676,108123.22455899011,108325.57233362024,38.46948975414868,-10.398915020096297,42.979576229429185,206.31188612050798,108899.11192055853,108293.455,107687.79807944148,1101.707350000002,108134.45590476315
2025-05-24 23:40:00,107966.24,108027.88,107727.27,107743.99,295.30734,107982.976,108244.1155,108619.1872,108064.88078068395,108282.49216075947,33.79741985130558,-20.53001637240112,43.13016334823885,213.04746568332888,108859.91943511204,108244.1155,107628.31156488796,806.4000100000019,108086.18430765114
2025-05-24 23:45:00,107743.99,107789.37,107500.0,107789.37,210.47918,107951.86300000001,108198.46399999999,108596.70460000001,108022.49450673256,108245.96459329581,35.51932933052312,-21.110978288097726,43.802482097953934,218.49907527737648,108806.93093094736,108198.46399999999,107589.99706905262,1016.8791900000019,108044.34806913484
2025-05-24 23:50:00,107789.37,107844.58,107600.0,107772.72,299.48211,107933.21300000002,108151.101,108574.8638,107984.06765954292,108210.90943823685,35.158007595999706,-19.58613633501963,44.05306751431906,220.36199847184972,108736.86101403009,108151.101,107565.3409859699,717.397080000002,108005.73398066651
2025-05-24 23:55:00,107772.73,107881.03,107728.68,107761.91,216.57942,107937.403,108102.87950000001,108553.3018,107949.88955807479,108177.65022058967,34.90971045683099,-16.404016124777314,44.03527036226449,215.50399858100374,108648.70684198607,108102.87950000001,107557.05215801395,500.817660000002,107986.14952438425
2025-05-25 00:00:00,107761.9,107960.0,107750.45,107938.07,155.79743,107924.68999999999,108074.1155,108533.8884,107948.07116452482,108159.90353758303,42.08743153309173,-0.3805813344847593,43.478252154955904,215.0787129680751,108590.20972052526,108074.1155,107558.02127947473,656.6150900000019,107961.33254133521
2025-05-25 00:05:00,107938.08,108028.89,107852.0,108028.89,61.06121,107903.57800000001,108049.81950000001,108515.26620000001,107960.504831521,108150.19883109539,45.42857082240859,17.40623371946532,42.5026284260601,212.3509477560697,108524.74981351937,108049.81950000001,107574.88918648065,717.6763000000019,107945.09584302554
2025-05-25 00:10:00,108028.89,108035.43,107924.58,107933.01,51.28174,107905.83300000001,108020.51200000002,108495.9074,107956.27485744085,108134.11076953277,42.63222448103554,23.411456961547685,41.552249229118495,205.10088005920696,108445.71298229501,108020.51200000002,107595.31101770503,666.3945600000019,107938.93591720235
2025-05-25 00:15:00,107933.01,107933.01,107819.58,107826.04,31.71519,107887.624,107985.29200000002,108474.5658,107936.23872552687,108111.29071253033,39.69639008582629,20.956305640003905,41.056773552183806,198.55296005497738,108347.77322774104,107985.29200000002,107622.81077225899,634.6793700000019,107933.69547773943
2025-05-25 00:20:00,107826.04,107875.0,107788.95,107874.99,29.16545,107863.524,107966.81049999999,108452.2872,107926.81584467657,108093.7869560466,41.675720625054595,23.22974501874711,40.7063323063173,190.5170343367649,108311.78800799095,107966.81049999999,107621.83299200903,663.8448200000018,107910.91084127621
2025-05-25 00:25:00,107874.99,108070.37,107847.78,108017.03,35.43349,107868.602,107953.376,108433.537,107940.69494549556,108088.10125559871,47.10148745049446,34.23563702850373,39.03042783351491,192.80796045556716,108267.14547534243,107953.376,107639.60652465757,699.2783100000019,107907.87856795744
2025-05-25 00:30:00,108017.04,108130.44,108017.04,108038.01,40.45376,107898.004,107940.48999999999,108414.2966,107955.6664923424,108084.39079222103,47.872844187953355,42.33411780241181,37.10608229219821,187.136677565884,108215.7688008559,107940.48999999999,107665.21119914408,739.7320700000018,107905.23546846237
2025-05-25 00:35:00,108038.01,108038.01,107909.09,107928.57,59.20312,107911.924,107931.8935,108393.0392,107951.4978012128,108072.84851131577,44.24822060695186,39.766166062465885,35.81152779492869,182.978343454035,108197.20576170624,107931.8935,107666.58123829377,680.5289500000018,107896.30681295495
2025-05-25 00:40:00,107928.58,107928.58,107306.16,107502.44,311.4772,107884.896,107909.0545,108361.2348,107882.41198564161,108030.59602899608,33.58534758149129,10.346266248770263,36.463997216272396,214.36703320731812,108233.15453199581,107909.0545,107584.95446800419,369.05175000000185,107857.2783201964
2025-05-25 00:45:00,107502.45,107640.31,107303.96,107525.61,93.13753,107861.26600000002,107899.3345,108329.83020000001,107827.51937246598,107993.18965647786,34.50946167635904,-5.711979526911989,37.07480754198151,223.08010226393762,108255.59464295693,107899.3345,107543.07435704306,462.1892800000019,107849.11477181323
2025-05-25 00:50:00,107525.62,107610.76,107286.28,107435.94,73.99766,107811.053,107867.87150000001,108299.42599999999,107767.2763920866,107951.91190414617,32.617887649868706,-19.741766059679634,37.68427859491298,230.32295210222748,108268.37896271664,107867.87150000001,107467.36403728338,388.1916200000019,107835.65910804212
2025-05-25 00:55:00,107435.95,107472.06,107289.99,107443.9,88.87551,107752.554,107828.06600000002,108269.9682,107717.52617791943,107914.28139272793,32.96913299340102,-25.489175046895497,38.25021600120649,226.87631266635353,108230.95713951135,107828.06600000002,107425.1748604887,477.0671300000019,107813.30545514092
2025-05-25 01:00:00,107443.9,107615.38,107250.03,107539.54,123.10785,107713.20699999998,107809.51999999999,108242.6,107690.14368900874,107886.52277104439,37.20463348702788,-20.090433819230725,37.819647610979736,236.76729033304295,108229.32608633123,107809.51999999999,107389.71391366875,600.1749800000019,107777.34503663934
2025-05-25 01:05:00,107539.55,107540.0,107318.18,107454.54,75.75822,107676.057,107781.8405,108214.4182,107653.89696762277,107854.52404726332,35.08290646686807,-19.470745139298657,37.419834105769176,235.6996267378261,108218.28695135431,107781.8405,107345.3940486457,524.4167600000019,107753.20835027123
2025-05-25 01:10:00,107454.55,107469.56,107308.06,107355.49,44.49219,107624.107,107743.8155,108184.81639999998,107607.98820337313,107817.55856228084,32.739816546777305,-22.731219525176783,37.08475171198776,230.39965339940994,108189.60207954203,107743.8155,107298.02892045796,479.9245700000019,107718.81380796223
2025-05-25 01:15:00,107355.48,107639.98,107206.0,107638.2,127.33572,107586.224,107727.41299999999,108162.705,107612.63617208495,107804.27274285263,44.19578409067242,-3.8379451081074762,35.64224969911407,244.94110672802321,108163.28570146774,107727.41299999999,107291.54029853223,607.2602900000019,107693.91851272655
2025-05-25 01:20:00,107638.21,107762.0,107574.01,107762.0,41.18414,107558.62299999999,107728.3135,108141.41859999999,107635.61522253342,107801.14142856724,48.344860414810285,17.81793570060242,33.59926300542661,240.8731705331648,108164.39383779546,107728.3135,107292.23316220455,648.4444300000018,107675.08806026529
2025-05-25 01:25:00,107761.99,107896.0,107687.42,107872.5,58.30128,107553.01600000002,107732.47,108123.3334,107672.05903445136,107806.42724867337,51.790303851490904,39.18074200992814,31.389296836449414,238.56651549508175,108172.36694834221,107732.47,107292.57305165779,706.7457100000018,107677.37635491251
2025-05-25 01:30:00,107872.5,108007.29,107750.6,107750.6,65.6946,107577.83200000001,107731.36399999999,108104.47940000001,107684.14225992038,107802.29189691978,47.987646880280735,44.31945538602858,29.858482394975685,239.86105010257504,108170.96172417153,107731.36399999999,107291.76627582844,641.0511100000018,107672.86209342799
2025-05-25 01:35:00,107750.61,107877.15,107727.27,107840.65,44.65959,107609.33599999998,107735.301,108087.215,107708.22037377878,107805.13323788869,50.858130423454725,52.444982620414606,28.306282555083552,233.43383223810469,108177.3261503668,107735.301,107293.27584963321,685.7107000000018,107660.99101859196
2025-05-25 01:40:00,107840.64,107892.39,107840.64,107892.39,23.52494,107654.981,107733.01699999999,108070.0806,107736.55416242819,107811.59670174879,52.48085411030409,59.45224592778257,26.940904577783943,220.45641564966863,108171.28370446748,107733.01699999999,107294.7502955325,709.2356400000018,107641.03936679268
2025-05-25 01:45:00,107892.38,107892.39,107727.27,107760.55,34.65607,107686.646,107719.6,108049.15280000001,107740.24582974693,107807.8154645822,48.12043809089246,53.5401203304786,25.021847035011785,216.50381453183482,108136.7343758081,107719.6,107302.46562419191,674.5795700000018,107630.85541362726
2025-05-25 01:50:00,107760.55,107772.73,107666.67,107674.39,29.87978,107700.13100000001,107706.669,108026.4584,107730.11416363201,107797.93209683539,45.46204511953216,42.63345756990563,23.572264733921195,208.61497063670362,108112.41802050012,107706.669,107300.91997949987,644.6997900000018,107620.45196178742
2025-05-25 01:55:00,107674.39,107681.82,107636.36,107656.22,33.55087,107720.299,107698.178,108005.1392,107718.74583076555,107787.43490447721,44.89872208755121,33.4098536492951,22.39275210755635,196.9610441626538,108100.67397824675,107698.178,107295.68202175325,611.1489200000018,107616.04535457444
2025-05-25 02:00:00,107656.21,107804.0,107656.21,107670.05,23.90805,107751.755,107687.93100000001,107982.29780000001,107711.25416449392,107778.73972636778,45.45275213515899,27.690692389673785,21.02339016737924,193.44882672246376,108082.2516166013,107687.93100000001,107293.61038339873,635.0569700000018,107612.91821884306
2025-05-25 02:05:00,107670.05,107696.35,107572.41,107583.42,30.99309,107746.277,107666.2505,107957.6026,107691.5873699564,107764.27159848869,42.56565256837777,17.993620584997345,19.779928154787367,188.48391052800224,108032.49065593572,107666.2505,107300.01034406427,604.0638800000017,107603.9226840734
2025-05-25 02:10:00,107583.41,107639.98,107500.0,107576.02,28.88459,107727.679,107643.151,107934.5074,107673.80777457848,107750.32703563767,42.31837843774916,11.326870446479148,19.02496861003349,185.01934549028752,107968.70404894414,107643.151,107317.59795105585,575.1792900000017,107590.15668984287
2025-05-25 02:15:00,107576.02,107681.82,107480.29,107480.3,37.21108,107688.459,107620.7375,107910.06539999999,107644.03734772027,107730.32503299785,39.1502041002768,1.2467569824716804,18.051955003053894,186.19867795526793,107925.67456936979,107620.7375,107315.80043063022,537.9682100000017,107573.33061350365
2025-05-25 02:20:00,107480.3,107723.71,107480.3,107723.7,30.77719,107685.769,107631.80049999998,107890.1398,107656.2931403787,107729.83428981283,49.50281299098729,11.194634260730908,16.875669793681677,190.28520095846332,107934.81609692502,107631.80049999998,107328.78490307495,568.7454000000017,107573.64272373196
2025-05-25 02:25:00,107723.7,107899.32,107703.21,107857.15,25.10394,107687.419,107648.37750000002,107872.756,107687.19419570504,107739.26508316003,54.11246458267611,26.13191699190446,16.577136755861293,190.70125803285882,107962.41644541257,107648.37750000002,107334.33855458746,593.8493400000017,107587.05659411006
2025-05-25 02:30:00,107857.15,107954.55,107809.52,107938.63,29.99718,107692.04299999999,107673.51199999999,107861.2616,107725.87662713505,107754.03285477782,56.71081347826733,40.03726144329717,16.583342747565624,187.43902531622595,107995.87336763705,107673.51199999999,107351.15063236293,623.8465200000016,107607.07481262507
2025-05-25 02:35:00,107938.63,107938.63,107756.08,107756.08,24.78581,107691.59599999999,107689.121,107846.08700000001,107730.5232998835,107754.18449516465,49.89420513462845,35.62583504393475,16.212308029155974,187.08980922221002,107995.32591282282,107689.121,107382.91608717717,599.0607100000017,107632.16464510027
2025-05-25 02:40:00,107756.09,107756.09,107684.32,107724.0,35.14599,107696.557,107698.344,107830.18380000001,107729.51971528603,107751.94860663393,48.784465189361406,29.486511181751823,15.37945468432759,178.8526799920514,107996.99029168437,107698.344,107399.69770831562,563.9147200000017,107659.7225501555
2025-05-25 02:45:00,107723.99,107753.14,107723.99,107753.13,2.89401,107706.24799999999,107713.27349999998,107814.6376,107733.15206678049,107752.03611725364,49.87469719693801,26.425081645199086,14.606090864129802,168.15963142119017,107990.78074446728,107713.27349999998,107435.76625553268,566.8087300000017,107681.80830666698
